{
	"credit": "Made with Blockbench",
	"texture_size": [32, 32],
	"textures": {
		"0": "item/sorcery/book",
		"particle": "item/sorcery/book"
	},
	"elements": [
		{
			"from": [1, 0.5, 7],
			"to": [12, 15.5, 9],
			"faces": {
				"west": {"uv": [7, 1.5, 8, 9], "texture": "#0"},
				"up": {"uv": [6.5, 1, 1, 0], "texture": "#0"},
				"down": {"uv": [6.5, 9, 1, 10], "texture": "#0"}
			}
		},
		{
			"from": [0, 0, 6.9],
			"to": [12.1, 16, 6.9],
			"faces": {
				"north": {"uv": [1, 1, 7, 9], "texture": "#0"},
				"south": {"uv": [1, 1, 7, 9], "texture": "#0"}
			}
		},
		{
			"from": [0, 0, 9.1],
			"to": [12.1, 16, 9.1],
			"faces": {
				"north": {"uv": [1, 1, 7, 9], "texture": "#0"},
				"south": {"uv": [1, 1, 7, 9], "texture": "#0"}
			}
		},
		{
			"from": [12.1, 0, 6.9],
			"to": [12.1, 16, 9.1],
			"faces": {
				"east": {"uv": [0, 1, 1, 9], "texture": "#0"},
				"west": {"uv": [0, 1, 1, 9], "texture": "#0"}
			}
		},
		{
			"from": [5, 7, 7.3],
			"to": [7.1, 9, 9.3],
			"rotation": {"angle": 0, "axis": "y", "origin": [6, 8, 8]},
			"faces": {
				"east": {"uv": [16, 0, 8, 8], "texture": "#0"},
				"south": {"uv": [8, 0, 16, 8], "texture": "#0"},
				"west": {"uv": [16, 0, 8, 8], "texture": "#0"},
				"up": {"uv": [16, 0, 8, 8], "rotation": 180, "texture": "#0"},
				"down": {"uv": [16, 0, 8, 8], "rotation": 180, "texture": "#0"}
			}
		}
	],
	"display": {
		"thirdperson_righthand": {
			"translation": [0, 3, 1],
			"scale": [0.55, 0.55, 0.55]
		},
		"thirdperson_lefthand": {
			"translation": [0, 3, 1],
			"scale": [-0.55, 0.55, 0.55]
		},
		"firstperson_righthand": {
			"rotation": [0, -90, 25],
			"translation": [-0.37, 3.2, 0.88],
			"scale": [-0.68, -0.68, 0.68]
		},
		"firstperson_lefthand": {
			"rotation": [0, -90, 25],
			"translation": [-0.12, 3.2, 1.13],
			"scale": [0.68, 0.68, 0.68]
		},
		"ground": {
			"translation": [-1.25, 2, 0],
			"scale": [-0.5, 0.5, 0.5]
		},
		"gui": {
			"translation": [-1.75, 0, 0],
			"scale": [-1, -1, 1]
		},
		"head": {
			"rotation": [0, 180, 0],
			"translation": [2, 13, 7],
			"scale": [-1, 1, 1]
		},
		"fixed": {
			"rotation": [0, 180, 0],
			"translation": [2, 0, 0],
			"scale": [-1, -1, 1]
		}
	}
}