{
	"credit": "Made with Blockbench",
	"texture_size": [32, 32],
	"textures": {
		"0": "item/sorcery/wand",
		"particle": "item/sorcery/wand"
	},
	"elements": [
		{
			"from": [7, -2, 7],
			"to": [9, 2, 9],
			"faces": {
				"north": {"uv": [7, 13.5, 8, 15.5], "texture": "#0"},
				"east": {"uv": [7, 13.5, 8, 15.5], "texture": "#0"},
				"south": {"uv": [7, 13.5, 8, 15.5], "texture": "#0"},
				"west": {"uv": [7, 13.5, 8, 15.5], "texture": "#0"}
			}
		},
		{
			"from": [6.75, -2.5, 6.75],
			"to": [9.25, -2, 9.25],
			"faces": {
				"north": {"uv": [7, 15.625, 8.25, 15.875], "texture": "#0"},
				"east": {"uv": [7, 15.625, 8.25, 15.875], "texture": "#0"},
				"south": {"uv": [7, 15.625, 8.25, 15.875], "texture": "#0"},
				"west": {"uv": [7, 15.625, 8.25, 15.875], "texture": "#0"},
				"up": {"uv": [5, 15, 6, 16], "texture": "#0"},
				"down": {"uv": [6, 15, 7, 16], "texture": "#0"}
			}
		},
		{
			"from": [6.75, 2, 6.75],
			"to": [9.25, 2.5, 9.25],
			"faces": {
				"north": {"uv": [7, 13.125, 8.25, 13.375], "texture": "#0"},
				"east": {"uv": [7, 13.125, 8.25, 13.375], "texture": "#0"},
				"south": {"uv": [7, 13.125, 8.25, 13.375], "texture": "#0"},
				"west": {"uv": [7, 13.125, 8.25, 13.375], "texture": "#0"},
				"up": {"uv": [5, 13, 6, 14], "texture": "#0"},
				"down": {"uv": [6, 13, 7, 14], "texture": "#0"}
			}
		},
		{
			"from": [7.65, 10, 7.65],
			"to": [8.4, 12.5, 8.4],
			"faces": {
				"north": {"uv": [7.05, 7.125, 7.425, 8.375], "texture": "#0"},
				"east": {"uv": [7.05, 7.125, 7.425, 8.375], "texture": "#0"},
				"south": {"uv": [7.05, 7.125, 7.425, 8.375], "texture": "#0"},
				"west": {"uv": [7.05, 7.125, 7.425, 8.375], "texture": "#0"},
				"up": {"uv": [8.4, 8.9, 9.15, 9.65], "texture": "#0"}
			}
		},
		{
			"from": [7.25, 2, 7.25],
			"to": [8.75, 5, 8.75],
			"faces": {
				"north": {"uv": [7.125, 11.5, 7.875, 13], "texture": "#0"},
				"east": {"uv": [7.125, 11.5, 7.875, 13], "texture": "#0"},
				"south": {"uv": [7.125, 11.5, 7.875, 13], "texture": "#0"},
				"west": {"uv": [7.125, 11.5, 7.875, 13], "texture": "#0"},
				"up": {"uv": [8, 8.5, 9.5, 10], "texture": "#0"}
			}
		},
		{
			"from": [7.5, 7.5, 7.5],
			"to": [8.5, 10, 8.5],
			"faces": {
				"north": {"uv": [7, 8.625, 7.5, 9.875], "texture": "#0"},
				"east": {"uv": [7, 8.625, 7.5, 9.875], "texture": "#0"},
				"south": {"uv": [7, 8.625, 7.5, 9.875], "texture": "#0"},
				"west": {"uv": [7, 8.625, 7.5, 9.875], "texture": "#0"},
				"up": {"uv": [8.25, 8.75, 9.25, 9.75], "texture": "#0"}
			}
		},
		{
			"from": [7.75, 12.5, 7.75],
			"to": [8.25, 15, 8.25],
			"faces": {
				"north": {"uv": [7.125, 5.625, 7.375, 6.875], "texture": "#0"},
				"east": {"uv": [7.125, 5.625, 7.375, 6.875], "texture": "#0"},
				"south": {"uv": [7.125, 5.625, 7.375, 6.875], "texture": "#0"},
				"west": {"uv": [7.125, 5.625, 7.375, 6.875], "texture": "#0"},
				"up": {"uv": [8.5, 9, 9, 9.5], "texture": "#0"}
			}
		},
		{
			"from": [7.4, 5, 7.4],
			"to": [8.65, 7.5, 8.65],
			"faces": {
				"north": {"uv": [7.125, 10.125, 7.75, 11.375], "texture": "#0"},
				"east": {"uv": [7.125, 10.125, 7.75, 11.375], "texture": "#0"},
				"south": {"uv": [7.125, 10.125, 7.75, 11.375], "texture": "#0"},
				"west": {"uv": [7.125, 10.125, 7.75, 11.375], "texture": "#0"},
				"up": {"uv": [8.15, 8.65, 9.4, 9.9], "texture": "#0"}
			}
		}
	],
	"display": {
		"thirdperson_righthand": {
			"translation": [0, 4.25, 1],
			"scale": [0.7, 0.7, 0.7]
		},
		"thirdperson_lefthand": {
			"translation": [0, 4.25, 1],
			"scale": [0.7, 0.7, 0.7]
		},
		"firstperson_righthand": {
			"rotation": [0, -90, 25],
			"translation": [1.13, 4.95, 1.13],
			"scale": [0.68, 0.68, 0.68]
		},
		"firstperson_lefthand": {
			"rotation": [0, -90, 25],
			"translation": [1.13, 5.2, 1.13],
			"scale": [0.68, 0.68, 0.68]
		},
		"ground": {
			"rotation": [45, 0, 0],
			"translation": [0, 2, 0],
			"scale": [0.5, 0.5, 0.5]
		},
		"gui": {
			"rotation": [0, -180, 45],
			"translation": [1.5, 1.5, 0]
		},
		"head": {
			"rotation": [180, 180, 0],
			"translation": [0, 13, 7.5],
			"scale": [1.2, 1.2, 1.2]
		},
		"fixed": {
			"rotation": [0, 0, 45],
			"translation": [-1.5, 1.5, 0]
		}
	},
	"groups": [
		{
			"name": "group",
			"origin": [0, 0, 0],
			"color": 0,
			"children": [0, 1, 2]
		},
		{
			"name": "group",
			"origin": [0, 0, 0],
			"color": 0,
			"children": [3, 4, 5, 6, 7]
		}
	]
}