{
	"pools": [
		{
			"rolls": 1,
			"bonus_rolls": 0,
			"entries": [
				{
					"type": "minecraft:item",
					"name": "minecraft:warped_fungus_on_a_stick",
					"functions": [
						{
							"function": "set_enchantments",
							"enchantments": {
								"flame":1
							}
						},
						{
							"function": "minecraft:copy_nbt",
							"source": {
								"type": "minecraft:storage",
								"source": "sorcery:items"
							},
							"ops": [
								{
									"source": "all.magic_wand.tag",
									"target": "{}",
									"op": "merge"
								}
							]
						},
						{
							"function": "set_nbt",
							"tag": "{sorcery:{wand:{enchant:1b}},spell:[1,2,3,4,5,6,7,8]}"
						}
					]
				}
			]
		}
	]
}