{
    "parent": "sorcery:display/root",
    "display": {
        "title": {
            "text": "It's a stick ?",
            "color": "dark_aqua",
            "bold": false
        },
        "description": {
            "text": "Make a stick of sorcery",
            "color": "gray",
            "italic": true
        },
        "icon": {
            "item": "minecraft:stick",
            "nbt": "{CustomModelData:944000}"
        },
        "frame": "task",
        "show_toast": true,
        "announce_to_chat": true,
        "hidden": false
    },
    "criteria": {
        "staff": {
            "trigger": "minecraft:inventory_changed",
			"conditions": {
				"items": [
					{
						"items": [
							"warped_fungus_on_a_stick"
						],
						"nbt": "{sorcery:{wand:{}}}"
					}
				]
			}
        }
    }
}
