{
	"display": {
		"title": {
            "text": "-- Matlyce'Sorcery --",
            "color": "blue",
            "bold": true
        },
        "description": {
            "text": "Spawn in the world of Wizardry",
            "color": "dark_purple",
            "italic": true
        },
        "icon": {
            "item": "minecraft:ender_pearl"
        },
        "frame": "task",
        "show_toast": false,
        "announce_to_chat": false,
        "hidden": false,
        "background": "minecraft:textures/block/nether_portal.png"
	},
	"criteria": {
		"join":{
			"trigger": "tick"
		}
	}
}