{
    "criteria": {
        "requirement": {
            "trigger": "minecraft:tick",
            "conditions": {
                "player": [
                    {
                        "condition": "minecraft:entity_scores",
                        "entity": "this",
                        "scores": {
                            "sorcery.warp": {
                                "min": 1
                            }
                        }
                    }
                ]
            }
        }
    },
    "rewards": {
        "function": "sorcery:action/warped_stick"
    }
}